83.219.248.37,N/A
179.43.184.242,hostedby.privatelayer.com.
114.111.54.188,N/A
45.148.10.121,N/A
80.94.92.182,N/A
80.94.92.186,N/A
129.45.84.93,host-93.84.45.129.djezzycloud.dz.
143.20.185.79,N/A
45.93.168.13,45-93-168-13.digiturunc.com.
61.245.11.87,N/A
62.60.131.157,N/A
64.227.97.118,N/A
66.132.153.113,N/A
66.132.153.115,N/A
66.132.153.123,N/A
66.132.153.127,N/A
66.240.192.138,census8.shodan.io.
71.6.165.200,census12.shodan.io.
71.6.199.23,einstein.census.shodan.io.
80.82.77.33,sky.census.shodan.io.
